{
  "welcomeFile": "/webapp/index.html",
  "authenticationMethod":"none",
  "routes": [
  	{
      "path": "/gatewaytest",
      "target": {
        "type": "destination",
        "name": "gatewaytest",
        "entryPath": "/"
      },
      "description": "rest API"
    },
    {
      "path": "/gservice",
      "target": {
        "type": "destination",
        "name": "gservice",
        "entryPath": "/"
      },
      "description": "rest API"
    },
  	{
      "path": "/resources",
      "target": {
        "type": "application",
        "name": "sapui5preview",
        "entryPath": "/resources"
      },
      "description": "SAPUI5 Resources"
    },
    {
      "path": "/resources",
      "target": {
        "type": "service",
        "name": "sapui5",
        "entryPath": "/resources"
      },
      "description": "SAPUI5 Resources"
    },
    {
      "path": "/test-resources",
      "target": {
        "type": "application",
        "name": "sapui5preview",
        "entryPath": "/test-resources"
      },
      "description": "SAPUI5 Test Resources"
    },
    {
      "path": "/test-resources",
      "target": {
        "type": "service",
        "name": "sapui5",
        "entryPath": "/test-resources"
      },
      "description": "SAPUI5 Test Resources"
    }
  ],
  "sendWelcomeFileRedirect": true
}